<?xml version="1.0" encoding="UTF-8"?><rss xmlns:dc="http://purl.org/dc/elements/1.1/" xmlns:content="http://purl.org/rss/1.0/modules/content/" xmlns:atom="http://www.w3.org/2005/Atom" version="2.0">
    <channel>
        <title><![CDATA[Taxed GmbH Blog]]></title>
        <description><![CDATA[Expert insights and guides on Swiss taxes for expatriates.]]></description>
        <link>https://www.taxed.ch</link>
        <image>
            <url>https://www.taxed.ch/logo.png</url>
            <title>Taxed GmbH Blog</title>
            <link>https://www.taxed.ch</link>
        </image>
        <generator>RSS for Node</generator>
        <lastBuildDate>Fri, 19 Sep 2025 22:18:38 GMT</lastBuildDate>
        <atom:link href="https://www.taxed.ch/rss.xml" rel="self" type="application/rss+xml"/>
        <pubDate>Fri, 19 Sep 2025 22:18:38 GMT</pubDate>
        <copyright><![CDATA[© 2025 Taxed GmbH]]></copyright>
        <language><![CDATA[en]]></language>
        <item>
            <title><![CDATA[Swiss Tax Guide for Expats 2024]]></title>
            <description><![CDATA[Complete guide to Swiss tax obligations for expatriates living and working in Switzerland.]]></description>
            <link>https://www.taxed.ch/blog/swiss-tax-guide-expats-2024</link>
            <guid isPermaLink="false">swiss-tax-guide-expats-2024</guid>
            <category><![CDATA[Expat Taxes]]></category>
            <category><![CDATA[Swiss Tax]]></category>
            <category><![CDATA[Guide]]></category>
            <dc:creator><![CDATA[Taxed GmbH Team]]></dc:creator>
            <pubDate>Mon, 15 Jan 2024 00:00:00 GMT</pubDate>
        </item>
        <item>
            <title><![CDATA[Understanding Quellensteuer: Withholding Tax in Switzerland]]></title>
            <description><![CDATA[Everything you need to know about Quellensteuer and how it affects foreign workers in Switzerland.]]></description>
            <link>https://www.taxed.ch/blog/quellensteuer-withholding-tax-switzerland</link>
            <guid isPermaLink="false">quellensteuer-withholding-tax-switzerland</guid>
            <category><![CDATA[Quellensteuer]]></category>
            <category><![CDATA[Withholding Tax]]></category>
            <category><![CDATA[Foreign Workers]]></category>
            <dc:creator><![CDATA[Taxed GmbH Team]]></dc:creator>
            <pubDate>Wed, 10 Jan 2024 00:00:00 GMT</pubDate>
        </item>
        <item>
            <title><![CDATA[Digital Tax Filing: The Future of Swiss Tax Returns]]></title>
            <description><![CDATA[How digitalization is transforming the Swiss tax filing process and what it means for taxpayers.]]></description>
            <link>https://www.taxed.ch/blog/digital-tax-filing-switzerland</link>
            <guid isPermaLink="false">digital-tax-filing-switzerland</guid>
            <category><![CDATA[Digital Filing]]></category>
            <category><![CDATA[Tax Technology]]></category>
            <category><![CDATA[Swiss Tax]]></category>
            <dc:creator><![CDATA[Taxed GmbH Team]]></dc:creator>
            <pubDate>Fri, 05 Jan 2024 00:00:00 GMT</pubDate>
        </item>
    </channel>
</rss>